id,category,link
1,Travel,https://drive.google.com/u/1/uc?id=1mboH50AWu0U4QhvGlkjxBtyT7tB-ocNo&export=download
2,Travel,https://drive.google.com/u/1/uc?id=1yqAuxfCbrvbTBc7Mhs2d4EFuQLDOEv5u&export=download
3,Travel,https://drive.google.com/u/1/uc?id=1KRnHMQMSN8hGyc_xMeCR86h_KBo3N3LH&export=download
4,Travel,https://drive.google.com/u/1/uc?id=1XnFzeaUBlRBeaQajcJyeMZsAANOXyFDa&export=download
5,Travel,https://drive.google.com/u/1/uc?id=18iHg6y2vP89YlTwm-GEZz3SNNzN0prhc&export=download
6,Travel,https://drive.google.com/u/1/uc?id=1Z-CCTGscNWTOkjL9e8UR8kFttcz2dU6_&export=download
7,Travel,https://drive.google.com/u/1/uc?id=1G-xOO7BTCS8YFG5W2v0QHjbcZRLVJvwl&export=download
8,Travel,https://drive.google.com/u/1/uc?id=1f66m6sea0sQK3r-eZWXeshnyFn8Tds8v&export=download
9,Travel,https://drive.google.com/u/1/uc?id=16UWQgtq8a8kPckpfrAyauHQvwzhT6qdW&export=download
10,Sports,https://drive.google.com/u/0/uc?id=1YYkaqxQdkf4F08DpXx1fv3Rbfnl9IQ-5&export=download
11,Sports,https://drive.google.com/u/0/uc?id=1_K2mAX-cl02nfD7kMxNqjeb85G01vtj5&export=download
12,Sports,https://drive.google.com/u/0/uc?id=1RIvfP20AztGsgl_hUzOx8xKrkWLeVpd7&export=download
13,Sports,https://drive.google.com/u/0/uc?id=1xG2IRMmkggtl3zhDfcZq-UtdYa4Wxt1w&export=download
14,Sports,https://drive.google.com/u/0/uc?id=1l7Wyh0ang3sVtMvZ7Vk1fp5r8PbIK8oc&export=download
15,Sports,https://drive.google.com/u/0/uc?id=1EAiccUKVUrCbcdkZWcdUsVL64yXqSS2Q&export=download
16,Sports,https://drive.google.com/u/0/uc?id=1EH_EeQgRFvQaQHspTHJ5yMATbHIONaHq&export=download
17,Sports,https://drive.google.com/u/0/uc?id=1tZFEBMExXxA-3I0edykMq_Z2yHBSIhvi&export=download
18,Sports,https://drive.google.com/u/0/uc?id=16uiczbdyXS2PSwT4OkD0iMbeBVlCJf_i&export=download
19,Sports,https://drive.google.com/u/0/uc?id=10l0MKTsKYZ2v9GHJKQULzs5njDM1l6pM&export=download
20,Sports,https://drive.google.com/u/0/uc?id=1DQRPVEWiJzs6PD3ZEIyYhPY1zE9mWKX4&export=download
21,Sports,https://drive.google.com/u/0/uc?id=1FWJittmPaoIve62PFKtrAKA_venFs94W&export=download
22,Sports,https://drive.google.com/u/0/uc?id=1lM5mCIljVbXalilSuDy1FZyRJ0iUHm3X&export=download
23,Sports,https://drive.google.com/u/0/uc?id=1-5ap_4QQkDGn56zJ0EQqstRFmjwPZSlA&export=download
24,Sports,https://drive.google.com/u/0/uc?id=13PC3-SjV6EtHckJRbozcfd78mz7BkrQY&export=download
25,Sports,https://drive.google.com/u/0/uc?id=1qEudNIocTyEgATxIQAtbhFgVapBXlFwW&export=download
26,Sports,https://drive.google.com/u/0/uc?id=1vqg1HFZo7SOKTUm_2NtqgcUGUce2wgXs&export=download
27,Sports,https://drive.google.com/u/0/uc?id=1qlKmIa17h6hC6ZYjG-iLKCw3keTXQyvz&export=download
28,Sports,https://drive.google.com/u/0/uc?id=1q8Plx-fSY5fL2ZKrD1Bx4cIDEmodxHZD&export=download
29,Sports,https://drive.google.com/u/0/uc?id=1ecSNRychWlP2jVm2wS_qeVS-cVe7UJ-f&export=download
30,Sports,https://drive.google.com/u/0/uc?id=15E7UAlBqpEhxzumNE-bRc1jfKl0hAXPJ&export=download
31,Sports,https://drive.google.com/u/0/uc?id=1gwfqO_S4DhxLzpMyMngNN__O4NfApCIj&export=download
32,Sports,https://drive.google.com/u/0/uc?id=1m_OltdpLPZb-LrymgftL1GRQLnr7YlcV&export=download
33,Sports,https://drive.google.com/u/0/uc?id=1WvLkbXKBoo-tMTw9pXFcpIjh9B50jvCH&export=download
34,Sports,https://drive.google.com/u/0/uc?id=1rUlEPWHqXpSIbhjeZTP7DtLd6woRr3qs&export=download
35,Sports,https://drive.google.com/u/0/uc?id=1oQYxCPP2D78s-3GS4unCsKMx_Vicashu&export=download
36,Sports,https://drive.google.com/u/0/uc?id=1ZI4ffgaTmeDaEXxl288fRVmotbS29A0i&export=download
37,Sports,https://drive.google.com/u/0/uc?id=1qJNGzrij7FvcBeHYoflxSE_dPBfoV5u5&export=download
38,Sports,https://drive.google.com/u/0/uc?id=10GNDOW4WcVWZQTEWvi3cGwjMEb9Cg8AG&export=download
39,Sports,https://drive.google.com/u/0/uc?id=1oyTFiQEboTt-G0PA-e-lY9XS-iIRKPxJ&export=download
40,Sports,https://drive.google.com/u/0/uc?id=11Ep9OE_YxUnKyVQ5N29vOOIB1LdkHlX2&export=download
41,Sports,https://drive.google.com/u/0/uc?id=1I8CHq-Ra04alkobuTkvNeglc_vFKFYOD&export=download
42,Sports,https://drive.google.com/u/0/uc?id=1ila8r22iprd0UqfSuzM5cbpQ7M0tToEb&export=download
43,Sports,https://drive.google.com/u/0/uc?id=1C1fqf2vPGbl3t9dbGFpD4vVk5Ngn8LAf&export=download
44,Sports,https://drive.google.com/u/0/uc?id=1HP7QYoUf2Yb-O5enOueWTQt3iaIBwa9M&export=download
45,Sports,https://drive.google.com/u/0/uc?id=1yOzVWbKT0dGtS5f5IxLLRoZfZ9WUpLA5&export=download
46,Sports,https://drive.google.com/u/0/uc?id=1pQzeUyYrShyI3Hw3sQ3JQJxJrTyE82v3&export=download
47,Sports,https://drive.google.com/u/0/uc?id=14Xa88y-e_aLxPtjWdM1M3_0U19j9tk7O&export=download
48,Sports,https://drive.google.com/u/0/uc?id=1ThMxYJN87MiPf0gg4ZmizMaXFR2NcJgX&export=download
49,Sports,https://drive.google.com/u/0/uc?id=14vtRdnjTHW-CmjXiltjwDojM_f-AKcV0&export=download
50,Sports,https://drive.google.com/u/0/uc?id=1HQL43xaWXKymUxLMYG3uJkdhJxnZh9u9&export=download
51,Sports,https://drive.google.com/u/0/uc?id=1pSOt5xJg7HA4K_j2Pgws-h07jsxrzqIl&export=download
52,Sports,https://drive.google.com/u/0/uc?id=1lohepTRDb6fRL17HQyNhdDwxdvsaehv1&export=download
53,Sports,https://drive.google.com/u/0/uc?id=1Vxq1bromgFwA7cgOtpAdInVjQuWJSmzI&export=download
54,Sports,https://drive.google.com/u/0/uc?id=18yjZOsClc0CxCmkLN7IqcQu8Cp5Qj9eI&export=download
55,Sports,https://drive.google.com/u/0/uc?id=1HIM1q8V_eiSRETg2aJG_4CnQE5yV1D6m&export=download
56,Political,https://drive.google.com/u/0/uc?id=1F_OMVPmZjGcc5pNzROXSn35rEAVdVeeA&export=download
57,Political,https://drive.google.com/u/0/uc?id=1YS8CCdywLvE0f-npOchFHd-B8PlwW9BN&export=download
58,Political,https://drive.google.com/u/0/uc?id=1jPQVQhlRq197bUO7cxHEAi7Q1Tgpmxfz&export=download
59,Political,https://drive.google.com/u/0/uc?id=1CTuVy8o_S3WPml_e2hB8lpk8_aGjvAcz&export=download
60,Political,https://drive.google.com/u/0/uc?id=1jYxLJNdqJ4eI1tE-Vu4gJrA-NC2Jzvlc&export=download
61,Political,https://drive.google.com/u/0/uc?id=1RG_09dh-h82Bz6d2VsphazMUnGAM2hAN&export=download
62,Political,https://drive.google.com/u/0/uc?id=1442CwH3NUNyR5I8OyzUErBiWKpTuxhBe&export=download
63,Political,https://drive.google.com/u/0/uc?id=1LKm-ojZgjmNV3i7l8bHZpGThL3w4fDEk&export=download
64,Political,https://drive.google.com/u/0/uc?id=1iH5LFWOT5c3DlZtM2Za7N370HRwb1xvA&export=download
65,Political,https://drive.google.com/u/0/uc?id=1kAR018_JcWgJ5_oSdQBG2Oj7U9UQ4TDX&export=download
66,Political,https://drive.google.com/u/0/uc?id=16oFv0jjWwu6o33LQanBSAdLGObwbB51D&export=download
67,Political,https://drive.google.com/u/0/uc?id=10HxzL-9OYX1rO0ooie-hoLxmQtOgTxXx&export=download
68,Political,https://drive.google.com/u/0/uc?id=1TrSKrm76GM3qmm0IRHr9vcHOLkNmMkgB&export=download
69,Political,https://drive.google.com/u/0/uc?id=1mlv8iO3rCb7HhpHwwhsRFFEy6jfneyAg&export=download
70,Political,https://drive.google.com/u/0/uc?id=1OwlMp9ITtdKSM85VuKLl6zd0TloSyKmE&export=download
71,Food,https://drive.google.com/u/0/uc?id=1F_n9Qt4tOqFYD8Yzem9VbTiAK5vpooKw&export=download
72,Food,https://drive.google.com/u/0/uc?id=1F4AFXSzZ8wgPqiGYEl6fNIb3NWT3iAzn&export=download
73,Food,https://drive.google.com/u/0/uc?id=1_Ejs-tUhxG53lJQz9L6a10HRxR8-rSDK&export=download
74,Food,https://drive.google.com/u/0/uc?id=1mRIJdDbLFTPPAOMx7WopY1VSIfivQvXG&export=download
75,Food,https://drive.google.com/u/0/uc?id=1nBzZEJdMw3_Ji8gU0_ej_kQPJPjMKomh&export=download
76,Food,https://drive.google.com/u/0/uc?id=1pXDt_nyloGedh0vloqNCIz-_VzPxaBjb&export=download
77,Food,https://drive.google.com/u/0/uc?id=1lbcEfW6IuXGcOokvFc-0_OHwGLaQ_wmX&export=download
78,Food,https://drive.google.com/u/0/uc?id=1RUQjJoOwCYiflx_oqu3f-E_-2mO0Xcvf&export=download
79,Food,https://drive.google.com/u/0/uc?id=1axzDFCoNLqVU6Eg6wpNYPhL7O4--Wk58&export=download
80,Doggo,https://drive.google.com/u/0/uc?id=1aLiA6zDaWWoidNSVC_uRf5iyN9O1CECm&export=download
81,Doggo,https://drive.google.com/u/0/uc?id=1cxS175Dh3gw1JkHYwaGsiKDmys426TDH&export=download
82,Doggo,https://drive.google.com/u/0/uc?id=16X3ITbJjcKikcR9IbM4rpXiDJX3gU9-j&export=download
83,Doggo,https://drive.google.com/u/0/uc?id=1oUFuufqDq3ek_j2sGeZqrU7An9RfOorS&export=download
84,Doggo,https://drive.google.com/u/0/uc?id=1MZa-p4DGpLVXnSZNMbtS-1mKEZ68PCbB&export=download
85,Doggo,https://drive.google.com/u/0/uc?id=1AGUtybGL-3CmY-erZCYWExWNKCs-BGeN&export=download
86,Doggo,https://drive.google.com/u/0/uc?id=1uMKqd0UNJ_y85KjBpZtlQ_jMQduEC6wP&export=download
87,Doggo,https://drive.google.com/u/0/uc?id=1apuBUURUDTUvUxNEwUML87iO1r1ktogZ&export=download
88,Doggo,https://drive.google.com/u/0/uc?id=1mFTLiFQ02jNq2KxZT39HdmOe9kvVn3aB&export=download
89,Doggo,https://drive.google.com/u/0/uc?id=1neNBmJLexR8gsQ6ZdlG86P3I8w7DxWxV&export=download
90,Doggo,https://drive.google.com/u/0/uc?id=103o0FiBbwXStJzZp1zi-25gMkMhKTfd7&export=download
91,Doggo,https://drive.google.com/u/0/uc?id=1FG4YCAyF-0lvzZsCS58IHJQS9GtOz6l0&export=download
92,Doggo,https://drive.google.com/u/0/uc?id=1CN7IOyq7N3yuY-zG2AC0319Wn1S2wSOf&export=download
93,Doggo,https://drive.google.com/u/0/uc?id=1TyDlLCcl8VJM-JfiGJe1rldFdFf-02lv&export=download
94,Doggo,https://drive.google.com/u/0/uc?id=1wRe0VfZ5Sf0Lsxb4Nx8PnCpGnjB6_YnX&export=download
95,Doggo,https://drive.google.com/u/0/uc?id=17wzfZZFbaGOFUhkN5VI9_YuRwT9qSJYU&export=download
96,Doggo,https://drive.google.com/u/0/uc?id=1q6T8Kk6N82QMSnFiyX4ev7B_yctcA14i&export=download
97,Doggo,https://drive.google.com/u/0/uc?id=15Udc3VXsviYwrrxRELWTTuXCz62QHYAT&export=download
98,Doggo,https://drive.google.com/u/0/uc?id=1pT8mJb4O8b0Vl0oL2HKwIwGnYDPvGcVi&export=download
99,Doggo,https://drive.google.com/u/0/uc?id=1mu42uYebztSWMoO7SNazOziTecm2A5EN&export=download
100,Doggo,https://drive.google.com/u/0/uc?id=1JQvVWzWwOiJ87dE11lGtdNQHV3VfJUDm&export=download
101,Doggo,https://drive.google.com/u/0/uc?id=1EZ2kQrBWLVWJz66hMZpNviipUxjJzFor&export=download
102,Doggo,https://drive.google.com/u/0/uc?id=1sx3BZtgjkux241L45qwg6RDbogG__--8&export=download
103,Doggo,https://drive.google.com/u/0/uc?id=1opjo0YgjaNdFsSi93DspZmDg_czUvNdW&export=download
104,Doggo,https://drive.google.com/u/0/uc?id=1N4VqujfUKZ-YpijfPAdY7EYZia01sF86&export=download
105,Doggo,https://drive.google.com/u/0/uc?id=1HMt013IEdwym2d_t-8J4K0N5iOMXUWlo&export=download
106,Dark,https://drive.google.com/u/0/uc?id=1G-8vVX_dkKrI3_LsTN_3dZWRq5_o6fzE&export=download
107,Dark,https://drive.google.com/u/0/uc?id=1lYa99VoKF8yLx6HZvCaIWL4lEDiCp_zJ&export=download
108,Dark,https://drive.google.com/u/0/uc?id=1jf8g7XPFxxeL3OL8IylRhwMN4_jSCJpT&export=download
109,Dark,https://drive.google.com/u/0/uc?id=1cocQ5DpwHIPHGBI3oz6GXXe0h1PcSTbk&export=download
110,Dark,https://drive.google.com/u/0/uc?id=1jVXuPFzf5ZhlvGFimYrYqWZNaXS1SMSk&export=download
111,Dark,https://drive.google.com/u/0/uc?id=157uVfYh4M7xx49JjjRclzqUh7q02o8XN&export=download
112,Dark,https://drive.google.com/u/0/uc?id=12EKmM4wFo0lO2n5LAESzXd0izQl2ZkcE&export=download
113,Dark,https://drive.google.com/u/0/uc?id=1mUPYT8bKSapBPGJ9Ync5ebyqnhVaRB7Z&export=download
114,Dark,https://drive.google.com/u/0/uc?id=1ZeyrrMATec0K81ehx_yQfTlzvCncRLIH&export=download
115,Dark,https://drive.google.com/u/0/uc?id=1SWAdDm2jCwSsX9RCIwbtu783uBP-Dz13&export=download
116,Dark,https://drive.google.com/u/0/uc?id=1Xm5kyXd5080OhxIk-DzZ07-g7bxmVOkb&export=download
117,Dark,https://drive.google.com/u/0/uc?id=1kWTFVtkmPppQg6h2MY-w0EuuLyuLyeAm&export=download
118,Dark,https://drive.google.com/u/0/uc?id=1PezfqxeslguuOXx7a9ttBv8l2K5j5i4D&export=download
119,Dark,https://drive.google.com/u/0/uc?id=1UyV_kX-bOcme9J1xBodklBGqwwIl28D7&export=download
120,Dark,https://drive.google.com/u/0/uc?id=1B3epURG0NAFORqnI1ZJZZ4F0-zHmmeAC&export=download
121,Dark,https://drive.google.com/u/0/uc?id=1ZY4EQ1JRwBooC_peLqUl23tJZ4puAp_9&export=download
122,Dark,https://drive.google.com/u/0/uc?id=1b0vAstRNkQuIiRjrNLwNlZu-LAOH2xtd&export=download
123,Dark,https://drive.google.com/u/0/uc?id=1bZKR_9u7kG7OM-b-u1C779GYG87vlBIm&export=download
124,Dark,https://drive.google.com/u/0/uc?id=18gRyJjhMZxKrBYuGCI4rm-rEs7QC9n2p&export=download
125,Dark,https://drive.google.com/u/0/uc?id=1n3SaGThlD-9cFzVxivrDFjWn8uVUjSql&export=download
126,Dark,https://drive.google.com/u/0/uc?id=1LVTcnfbQ73M_Di48csMFzvbiRXYusDd8&export=download
127,Dark,https://drive.google.com/u/0/uc?id=1pZmQqVSUdPGLKaVJzcdmnbUf602rs99k&export=download
130,Cat,https://drive.google.com/u/0/uc?id=1SjPNsnvGFfpM9l9EzuYLJOaGLJ9eP5BN&export=download
131,Cat,https://drive.google.com/u/0/uc?id=1-BxJ3VTH_aYwha6P0krmJNvyWZJQ6-3Q&export=download
132,Cat,https://drive.google.com/u/0/uc?id=1UBjtWHB1lXndH4P1JnP6K9YyO_YpNUZj&export=download
133,Cat,https://drive.google.com/u/0/uc?id=1Rv1JN_YlCdUCUBTLVUKFZW45MmUsAnfv&export=download
134,Cat,https://drive.google.com/u/0/uc?id=1wrVEBfLuhu-RrcwsLwaur4YnoaM8725Q&export=download
135,Cat,https://drive.google.com/u/0/uc?id=15r2K_MbPmaNAzljtK3xic38SlXLVc15U&export=download
136,Cat,https://drive.google.com/u/0/uc?id=13xmVHYchNwJbCtlLJsqmwim3rZBNKbDw&export=download
137,Cat,https://drive.google.com/u/0/uc?id=1XdstThhY4VO9jcNFvzD4gWMSX-oVGWtR&export=download
138,Cat,https://drive.google.com/u/0/uc?id=1on2v0fq3YivMrVacqs6l4hxm-Fjvw_ve&export=download
139,Cat,https://drive.google.com/u/0/uc?id=11nv_fjhVGuV9kzGUZ0WgUv09UWJv4FCx&export=download
140,Cat,https://drive.google.com/u/0/uc?id=1HknpYxXvVGLxSG9sD-s1AAwIRqVj5wHP&export=download
141,Cat,https://drive.google.com/u/0/uc?id=1N4sa_vN81AKKP8ghPhyWDTZMpePe9MQt&export=download
142,Cat,https://drive.google.com/u/0/uc?id=1-yg-pfVoBDtSgZtR6bkjW7Df0rHoFDH3&export=download
143,Cat,https://drive.google.com/u/0/uc?id=19d6fBpJWQhFbYcftObmlR__r3QET9sqy&export=download
144,Cat,https://drive.google.com/u/0/uc?id=11MGl_nj6OHB-2y-DJqdvzOzInOL9ZTIn&export=download
145,Cat,https://drive.google.com/u/0/uc?id=1in2Rzwhd6dbSJTHcr1ESt4hs2fWPHNhD&export=download
146,Cat,https://drive.google.com/u/0/uc?id=12-4HMAOJoiUA0R-YlUgjKF3j7Qas0Yvo&export=download
147,Cat,https://drive.google.com/u/0/uc?id=11NNxBeeN2gchV-wfwykz7R5iljWy30Lx&export=download
148,Cat,https://drive.google.com/u/0/uc?id=13JNjmX1AZ5fHUbiD7KVRs0OT_jbY1OCd&export=download
149,Cat,https://drive.google.com/u/0/uc?id=1AU499CqkFqPAFgrP0gDtIG2wp4fjfFFr&export=download
150,Cat,https://drive.google.com/u/0/uc?id=1s4aw_88JVFyC7L3-U5px3n_Ug0FkiLD1&export=download
151,Cat,https://drive.google.com/u/0/uc?id=1G3obK6po5Yf9PV6xO3ijR0tJIo-6rFDr&export=download
152,Cat,https://drive.google.com/u/0/uc?id=15XyqqWEPQpHt9MnJ5ZzoOKXmCQ68Am2Q&export=download
153,Cat,https://drive.google.com/u/0/uc?id=1sIrKIEmBr2CEXWR-ua9qwtRsOuewcLuH&export=download
154,Cat,https://drive.google.com/u/0/uc?id=1DCUgnyxZx0aA1m5Hw7edkbcCChDRD0Ac&export=download
155,Cat,https://drive.google.com/u/0/uc?id=16TF45OV4wFGcEcg9xo6_H2A9O8_IdpA1&export=download
156,Cat,https://drive.google.com/u/0/uc?id=1SVa637ZSaY7YddIZtZabt98dD7LWJ4cx&export=download
157,Bollywood,https://drive.google.com/u/0/uc?id=1obPfMEIdkSe1vroLw25kHKnVRBQV8_C2&export=download
158,Bollywood,https://drive.google.com/u/0/uc?id=1BC91oLZyXotdOfK3dLcgm_pW_l7SFcC4&export=download
159,Bollywood,https://drive.google.com/u/0/uc?id=1RNWRIMQrnkrNvsgt2UA-8E_aAsPA60PX&export=download
160,Bollywood,https://drive.google.com/u/0/uc?id=1UpvrOqaDgbYd4mxTD8rNV0rYw7XOghOA&export=download
161,Bollywood,https://drive.google.com/u/0/uc?id=1TMFK2VBZa8lN9Djv0UgfVSZza_JAyRMO&export=download
162,Bollywood,https://drive.google.com/u/0/uc?id=1Koxg38z8ufcNWuBq6WRBZec75jUX9Fgu&export=download
163,Bollywood,https://drive.google.com/u/0/uc?id=1bm6nZmLr0DSyrN7sQVWgSVIfwgWcQXmP&export=download
164,Bollywood,https://drive.google.com/u/0/uc?id=1xcl7dEpIlRJE6LnIEMq5kPMMeaiarHnC&export=download
165,Bollywood,https://drive.google.com/u/0/uc?id=1ta2WIXO7zMfVTvD2P37fMQ70WWE64IeF&export=download
166,Bollywood,https://drive.google.com/u/0/uc?id=1zuh1vzebBuf63VCWVVSUbGkeuDmtU7wG&export=download
167,Bollywood,https://drive.google.com/u/0/uc?id=1HjtLg8oExNZ36m0KfGHX4-1V4l6IcktO&export=download
168,Bollywood,https://drive.google.com/u/0/uc?id=1I2KjFp6oahN5Y6Mlf0JnmoHWeazxYVgc&export=download
169,Bollywood,https://drive.google.com/u/0/uc?id=1TkSxpDd2FFKhs04784RFMylYPid-pOLs&export=download
170,Bollywood,https://drive.google.com/u/0/uc?id=16oH9-gqNYsm2nLirMy2Uyy5-EpAhI4DH&export=download
171,Bollywood,https://drive.google.com/u/0/uc?id=1mV2wCxXdGOapgx3FutBajp67B6nSyV7G&export=download
172,Bollywood,https://drive.google.com/u/0/uc?id=1Otl-QBKz37x5l0Rdk8oeHDFzzsdKI4mU&export=download
173,Bollywood,https://drive.google.com/u/0/uc?id=1I8ihE9zrhJnOhy5UCUBKwsP4maRWZXt8&export=download
174,Bollywood,https://drive.google.com/u/0/uc?id=1Ya8--NDKJWKsNe1qaihAFS14t2DxRziG&export=download
175,Bollywood,https://drive.google.com/u/0/uc?id=13_FffJ9o6E_2TiRsEgD8eV90UWMEXAXP&export=download
176,Bollywood,https://drive.google.com/u/0/uc?id=1Yicld1H9krMSqfWxOFBrpZRdOYmt_qUF&export=download
